epoch,lr,train_total,train_color,train_exposure,train_spatial,train_smooth_spa,train_smooth_temp,train_edge,train_ms_ssim,train_perception_temporal,train_perception_perceptual,train_warp_temporal,val_total,val_psnr,val_ssim,val_psnr_y,val_lpips,val_map50,vid_orb_keypoints,vid_homography_inlier_ratio,vid_flow_epe,epoch_time_sec
1,0.0001,1.6855480437040329,0.06387184512522072,0.4534720810294151,0.08572941142498748,0.0024104292392730714,0.0433304622605443,0.19333166042268277,0.03413416225910187,1.7630275806933642,1.5479210827827454,0.0433304622605443,1.4983594581998627,14.136188687949344,0.6134772485700147,14.200103250043146,0.2129618811967044,,,,,690.6440980709995
2,9.997557473810373e-05,1.8027549700260161,0.09526550223305821,0.44165987432003023,0.1096912249520421,0.0064053985595703125,0.04640462469831109,0.25695565603375436,0.027787028861045837,1.700780539122224,0.9837169582724571,0.04640462469831109,1.5233063862241547,15.199051544584076,0.6522900688237158,15.35669231414795,0.21076588897869505,,,,,801.2117427939993
3,9.990232305719946e-05,1.8467038514614105,0.0997569538012147,0.4369268245637417,0.1244434966981411,0.008346221923828124,0.05191304002404213,0.27930407000780105,0.014266471457481384,1.6093547711789609,0.9528944079816342,0.05191304002404213,1.502965995977665,15.55969027815194,0.6594775704474285,15.676145043866388,0.2093520312216775,,,,,688.456378629
4,9.978031724785248e-05,1.8519460359573365,0.09326971705239266,0.43592373982667926,0.1278500540867448,0.00909241714477539,0.053251922350376846,0.28687602712512017,0.010694570708274842,1.54897741214931,0.9486086694657803,0.053251922350376846,1.4896199436023319,16.207748281544653,0.6758073218937578,16.34791801715719,0.210595795692041,,,,,688.8573751530002
5,9.960967771506668e-05,1.8477802045822143,0.08532808741778135,0.4368148686647415,0.1272494413383305,0.009545195770263672,0.0538004273109138,0.28894660883545875,0.00982340590953827,1.4744294226646424,0.964030143225193,0.0538004273109138,1.4681622026295498,16.043549866511903,0.6699241004113493,16.46573627406153,0.21892452432677664,0.5951480542835982,143.4,0.9890330605967634,22.6665537071228,694.9554318379996
6,9.939057285945934e-05,1.8420526457309723,0.08067450857311487,0.43736090940833094,0.12610388282835483,0.009946221160888672,0.05406156483702362,0.288968602925539,0.008730146408081054,1.4226645864129066,0.9767981027781963,0.05406156483702362,1.462768874291716,15.894609763704498,0.6643818000267292,16.291323234295024,0.22319537349816027,,,,,690.330982206
7,9.912321891107012e-05,1.8314207875728608,0.07716153196170926,0.4363430570662022,0.12472787936478853,0.010273358154296875,0.05379496434591711,0.2876387605428696,0.008443811655044556,1.4011279624097048,0.9682121348917484,0.05379496434591711,1.4775629752668842,16.49098636364115,0.6852416827760893,16.727442741394043,0.22749065029723892,,,,,689.4863886459989
8,9.880787971596802e-05,1.810031898188591,0.07248969389032572,0.43626460458636285,0.11930925513878465,0.010584716796875,0.052993029287084936,0.28277547833919525,0.008915930795669555,1.4009070152163505,0.9538127981424331,0.052993029287084936,1.4638172819696624,16.375776011368323,0.6790283558697536,16.73339138359859,0.2288901199554575,,,,,689.0746966049992
9,9.844486647586726e-05,1.812070371747017,0.07008999369535596,0.4355685206055641,0.12133370228782296,0.01098804473876953,0.05369557624459267,0.28466012488007547,0.007352353000640869,1.3682786615669726,0.9613786144554615,0.05369557624459267,1.4660047590732574,16.620758073083287,0.6878550237622755,17.399910055357836,0.23329394297866984,,,,,688.9682886209994
10,9.80345374410087e-05,1.8028743640899658,0.06690668579619378,0.4350293844640255,0.1193616189070046,0.01146865692138672,0.053738279457390306,0.2840358081281185,0.006689956021308899,1.3509019277229906,0.9557050293564796,0.053738279457390306,1.4552380473449313,16.557370646246547,0.6838181409342535,17.145439493245092,0.2352988800868906,0.5733097176189008,146.8875,0.9882032989111422,24.168588495254518,693.8367729019992
11,9.757729755661012e-05,1.8047616335868835,0.06636282725669444,0.4343355986356735,0.12073174277991057,0.011880799865722656,0.05427313707880676,0.2845910557806492,0.006078195261955261,1.323142145523429,0.9625392011880874,0.05427313707880676,1.4435582438419605,16.57504515812315,0.6824321520739588,17.284375979982574,0.23965527399860578,,,,,688.6190632180005
12,9.707359806323419e-05,1.7998353385925292,0.06484953566053882,0.4339873598217964,0.11969884577021003,0.012314958190917968,0.05422570785395801,0.2840239015698433,0.005829437708854675,1.307324553978443,0.953526825016737,0.05422570785395801,1.4404690933638606,16.74935405007724,0.6886362130271977,17.529715373598297,0.2390956363544382,,,,,688.856293625
13,9.652393605146847e-05,1.7943450715065001,0.06345974843986332,0.433541086935997,0.11822434401065111,0.012663719177246093,0.05388881351053715,0.2838126555740833,0.0063299160480499266,1.3110927090466022,0.930884214925766,0.05388881351053715,1.4494443422761456,16.685071123057398,0.6890793514662775,17.618540648756355,0.24455674095400448,,,,,688.8218018449988
14,9.592885397135708e-05,1.7980134741067886,0.06373036559652537,0.4329397869884968,0.11983975394815206,0.013052175903320312,0.054218253030627966,0.2851504558503628,0.005614997887611389,1.2880164261132478,0.9358635835051536,0.054218253030627966,1.4531329253624226,16.565508957566887,0.688604356913731,17.261921307136273,0.2452726049412941,,,,,688.5973435369997
15,9.5288939097068e-05,1.792996631860733,0.06269227374549956,0.4327711788535118,0.11887104895412921,0.013337060546875,0.054229287398979066,0.2833243382930756,0.005514338994026184,1.279276663044095,0.926166426128149,0.054229287398979066,1.4450700766053692,16.5587169055281,0.6874760492094631,17.510618867545293,0.244575387701906,0.5516838952251103,148.6775,0.9867302927687828,24.751243391036986,693.5504323349996
16,9.460482294732424e-05,1.7933209226369857,0.06064195694308728,0.43187830486297607,0.11983062276393175,0.01381715545654297,0.05448013346865773,0.2844565874934196,0.006087950754165649,1.2549511129304767,0.9243285701155662,0.05448013346865773,1.4453746953914905,16.314483872775373,0.6778055804556814,17.07989972213219,0.2467747805961247,,,,,733.0159189639999
17,9.387718066217127e-05,1.7920311496257781,0.0619057774817571,0.43181404997706413,0.11910925209075213,0.014098422241210938,0.05447381951585412,0.28363056535720826,0.005695118474960327,1.2278017244637012,0.931195301938057,0.05447381951585412,1.447787681530262,16.603589633415485,0.6895223583640724,17.45317066126856,0.2482692578743244,,,,,687.8260450470007
18,9.310673033669524e-05,1.7936323854207992,0.061255630999617276,0.4314101698756218,0.12043828267231584,0.014381756591796874,0.05415879654325545,0.28454692662358283,0.005728490257263184,1.2051714553520083,0.9253103921055794,0.05415879654325545,1.4433333216042354,16.365112617098053,0.6805041714988905,17.1799802944578,0.24612268921116304,,,,,687.620091439001
19,9.229423231234978e-05,1.7941077764987945,0.05962219582144171,0.4325438596010208,0.12028234557509422,0.014651152038574219,0.053666062566637994,0.2842698984861374,0.0063080692529678345,1.1992994796961547,0.9191067685246468,0.053666062566637994,1.4475567916343952,17.031558694510625,0.7002703208347847,17.99452640270365,0.2430968353974408,,,,,688.1107897639995
20,9.144048842659084e-05,1.7857141837120056,0.05821976246815175,0.4313338584780693,0.11880054108202458,0.015046095275878905,0.053639411764964465,0.2830298519968987,0.006203921794891357,1.1953693041950464,0.9119871134996415,0.053639411764964465,1.4512323110268033,17.083632370521283,0.7029143458810346,18.035223401826002,0.24016484566803636,0.5218484217705934,155.94,0.9881377196475131,32.49008071899414,693.3140453880005
21,9.054634122155993e-05,1.7855974744796752,0.05713914266023785,0.4309915227234364,0.11956261597275734,0.015240037536621094,0.0536624372176826,0.28311697281599046,0.006172408771514893,1.1764141736596823,0.9123765483498574,0.0536624372176826,1.456991246034359,16.814035925371893,0.6950581572179136,17.632825736341804,0.24718916840080557,,,,,687.6815878630005
22,8.961267311259669e-05,1.7846110253095626,0.057717101765796544,0.4306352596282959,0.11929690389633178,0.015566511535644532,0.0536616760071367,0.28271642690896986,0.0061056776762008665,1.1564054708465934,0.9140070341348648,0.0536616760071367,1.4473815293147647,16.76821337075069,0.6956135697405914,17.89729542567812,0.24621341030659347,,,,,687.8915779310009
23,8.864040551740159e-05,1.7817911736011505,0.05462447871519253,0.43060940870046616,0.11891083061993123,0.015830633544921875,0.053212918900325895,0.28317291411757467,0.007392127871513367,1.168881827686727,0.909617060983181,0.053212918900325895,1.4566977815381412,16.427870109163482,0.6851869189533694,17.418823340843463,0.2489706538617611,,,,,687.8832908570002
24,8.763049794670778e-05,1.7845369621038436,0.05654837099546567,0.4305543277680874,0.11985834515094757,0.01606949157714844,0.0534611030112952,0.2829008284151554,0.005993555521965027,1.1345079340964557,0.9098480132579804,0.0534611030112952,1.456361589760616,17.081861035577184,0.7043611648781546,18.206100907819025,0.24060445535799552,,,,,687.9803776699991
25,8.65839470573599e-05,1.7790690574645995,0.05533269668165594,0.429172638964653,0.11882061699181795,0.01633008575439453,0.053315316246449945,0.2823555893301964,0.007847224569320679,1.1536927204549312,0.9073974148452282,0.053315316246449945,1.455383020228353,17.020764745514967,0.7033410596436468,18.06989752013108,0.2416052742507951,0.5063737250540568,158.465,0.9878092894390553,29.131527290344238,692.8989674600016
26,8.550178566873413e-05,1.783140003490448,0.055776916339062156,0.42947396563887597,0.11993247690349818,0.016696022033691405,0.05357379331551492,0.28318395668268204,0.006785654640197754,1.1162710396826268,0.9147312193095684,0.05357379331551492,1.4402744389813522,17.177630852008686,0.7047483319866246,18.09642161994145,0.2407643125745757,,,,,688.0250337239995
27,8.438508174347012e-05,1.7846801648139954,0.05605891526956111,0.4295077346086502,0.12003064092993736,0.01704515838623047,0.05380133834220469,0.28344774708747866,0.006695048618316651,1.0925554597139358,0.9184570772528649,0.05380133834220469,1.4445146486676972,17.001020990569017,0.7011766171660917,18.010621613469617,0.24325247455773683,,,,,688.1739136040014
28,8.32349373335208e-05,1.7781818177461624,0.05400653463248163,0.43002284155488013,0.11849173573255539,0.017103298950195314,0.05332870444878936,0.2818386078059673,0.006535393834114075,1.103341125407815,0.9044703443586827,0.05332870444878936,1.4385022048292488,16.90782930111063,0.6988236785962664,17.968840582617396,0.24419487152120162,,,,,710.0610756729984
29,8.205248749256017e-05,1.7745680011749267,0.054010713441856206,0.4285303780078888,0.11835077624320983,0.017264802551269533,0.053560633796826004,0.28166326512694356,0.006480457973480225,1.080418400555849,0.9012545291721821,0.053560633796826004,1.4399208251772255,17.331830764638966,0.7090677351787172,18.325559336563636,0.23707204697460965,,,,,1095.2831673810033
30,8.083889915582238e-05,1.7036685650587082,0.04811994607690722,0.4464909836053848,0.06386050294414163,0.017006204223632814,0.0498832298502326,0.20866003243327141,0.008329685211181641,1.1797503643803298,1.092159904128313,0.0498832298502326,1.4921086718296181,15.906566652758368,0.6583124060055305,16.71194939777769,0.24316507963270978,0.5269804037459519,153.7625,0.987521831466717,22.647272834777834,793.5309102479987
31,7.959536998847746e-05,1.681325643491745,0.04834280551150441,0.4474563990533352,0.0592234924569726,0.016865695190429686,0.0495190390272066,0.2037492918252945,0.007313846206665039,1.1645031172394753,1.1019630438268184,0.0495190390272066,1.4930238734031547,15.979929989781873,0.6587736850668644,16.72452341277024,0.24227103655194415,,,,,761.7450447910014
32,7.83231272036805e-05,1.672477419734001,0.047776967694656926,0.4487304223835468,0.057193971364945174,0.0166928466796875,0.04965319977477193,0.20108351209163666,0.0066689534664154055,1.1694359024971723,1.1003864948630333,0.04965319977477193,1.483862092782711,15.593800281656199,0.6456234393448665,16.3580571783,0.24649655382181035,,,,,695.3775682670021
33,7.702342635146036e-05,1.6637729409217834,0.0467609880855307,0.44796755954921247,0.05604986567385495,0.016671401977539062,0.04948811631463468,0.19957128103375435,0.007162794303894043,1.1599846936538816,1.0960077490925788,0.04948811631463468,1.4897256822421634,15.888980594174615,0.6553260719981687,16.650858911974677,0.2396681417935881,,,,,695.7129652080002
34,7.56975500796434e-05,1.662910805106163,0.0463105961240828,0.44826006643772126,0.055792617996037006,0.016537164306640626,0.04949860817827284,0.19953384512960912,0.007209957146644593,1.1434750896066428,1.103700343000889,0.04949860817827284,1.4901025089724311,16.135971513287775,0.6648039118996982,16.839653409760572,0.23706821506393366,,,,,695.689270668001
35,7.434680686803493e-05,1.6607559195995332,0.04632141107050702,0.44754053646624087,0.05562060863189399,0.016556471252441408,0.04963561592027545,0.19965853293538094,0.007250115442276001,1.1464136183410882,1.1074009851932525,0.04963561592027545,1.4894280844721302,16.28225229526388,0.6700672805309296,17.09935507281073,0.2344835175779359,0.5232511027675608,155.6825,0.9872265854887451,22.738445892333985,700.9907976989998
36,7.297252973710759e-05,1.660392006278038,0.04676011704108678,0.44822029421329496,0.05518181040212512,0.01649449462890625,0.04957469787299633,0.1993607950359583,0.006923921704292298,1.132408081972599,1.1048270509004592,0.04957469787299633,1.4731572362883338,15.865806143859338,0.6548810030879646,16.630536819326466,0.23919462181370835,,,,,705.954471396999
37,7.157607493247112e-05,1.6541519076108933,0.0466664518954698,0.4475162089586258,0.05436227509453893,0.016462832641601564,0.049404868652299046,0.19864187514483927,0.006736258006095886,1.1288368974745273,1.1030343046307565,0.049404868652299046,1.4967639055745354,16.363678817091316,0.6727920739815153,17.092605623705634,0.2334176800374327,,,,,695.814508751002
38,7.015882058642166e-05,1.6537957429409027,0.045507611276581886,0.44826465284228323,0.05420482638925314,0.016594667053222656,0.04933936918824911,0.1978330979168415,0.0070400603771209715,1.114190646532178,1.1049537770032882,0.04933936918824911,1.483950255245998,16.08589849800899,0.6634372220984821,16.860004030424975,0.23691425125660567,,,,,694.6282092319998
39,6.87221653578916e-05,1.6511527699232103,0.04509035561331548,0.4479342204928398,0.05393459731414914,0.01659633483886719,0.049346526073291895,0.19805040060579776,0.006495210671424866,1.106870184224844,1.1072591391324997,0.049346526073291895,1.4884802544939106,16.20532149281995,0.6683535298396801,16.957030000357793,0.23558090948339167,,,,,694.6721419919995
40,6.726752705214197e-05,1.6547596555948259,0.04555741265201941,0.4477121538221836,0.05443954873979091,0.016647879028320312,0.049668240436911586,0.19888231306374074,0.006965231728553772,1.1046331773072482,1.1092943449020385,0.049668240436911586,1.4790927284750446,15.87975652464505,0.6570786247993338,16.560180828489106,0.24020172051828484,0.5017974255201609,152.655,0.9861649922887181,22.89336554527283,701.2685567470035
41,6.579634122155994e-05,1.6496315382957458,0.0455835919442121,0.4476816822528839,0.05360187748596072,0.016906312561035156,0.0494330707885325,0.19754400798380375,0.006552840995788574,1.0980649849634618,1.1042515525281429,0.0494330707885325,1.4759902316948463,15.934891569203344,0.6576146277888067,16.640551813717547,0.24091519954903373,,,,,697.4093576040032
42,6.431005974894189e-05,1.6511395372152329,0.045471054011816156,0.4478048046350479,0.0536378549631685,0.01702978057861328,0.049540925620123744,0.1979906740427017,0.007043672609329223,1.0960165166586637,1.1088550715923309,0.049540925620123744,1.4751187562942505,15.772647158852939,0.6512081212010877,16.506638888655036,0.24321127194782782,,,,,695.7051186979952
43,6.281014941466034e-05,1.6456298514127732,0.045225083055859434,0.4469052822649479,0.05308329677172005,0.017094496154785158,0.04961411967687309,0.19702696332037448,0.007072799229621887,1.0897256299495697,1.1027496700823307,0.04961411967687309,1.4877508241554787,16.227192812952502,0.6679494303875956,16.951797189383672,0.2355526024154548,,,,,695.9078593869999
44,6.12980904491289e-05,1.6479317756175995,0.04559668283653445,0.44639447057843207,0.05397237678878009,0.017036024475097656,0.04942285608500242,0.19799075106680394,0.00600977942943573,1.0786115173488855,1.1091310708403588,0.04942285608500242,1.4784848165923152,16.02270402579472,0.6621652055403282,16.865047125980773,0.2412613775452663,,,,,696.8113282989943
45,5.977537507199341e-05,1.6495139599561692,0.044985891273990275,0.44658440467119215,0.054165713848918676,0.01720648193359375,0.049485648019239305,0.19853284242153169,0.006179231190681458,1.075695275592804,1.1097994424462319,0.049485648019239305,1.485697772996179,16.155252884174214,0.6669793082722302,16.946841831864983,0.2388000145297626,0.5051825124284496,154.99,0.9871429553698994,22.872978858947754,702.0115953330023
46,5.8243506019491463e-05,1.6457062778234481,0.04481986036370508,0.4470005923509598,0.05328915366716683,0.01734569091796875,0.04953925897963345,0.19730229266881943,0.00604108304977417,1.0646051919713617,1.1057768023490906,0.04953925897963345,1.4789954793864284,15.875274723973767,0.6569095305327711,16.629255294799805,0.24207528642025486,,,,,695.7745841189972
47,5.67039950614331e-05,1.648252668261528,0.0441630496175494,0.4474375272393227,0.0536910415507853,0.017425698852539064,0.049334196684882044,0.1978675320535898,0.006104210495948791,1.053569789338112,1.1076438618540765,0.049334196684882044,1.470072363984996,15.76244229283826,0.6525728109067884,16.43804038804153,0.24255203057465882,,,,,696.5685366820035
48,5.515836150926649e-05,1.6446115957975387,0.043479324141144755,0.44695253388881684,0.053306306437402966,0.017402748107910156,0.04927439837232232,0.1974995779365301,0.006348988151550293,1.0616474116936325,1.1071379068493843,0.04927439837232232,1.4764953872253155,15.745083290955115,0.652682371180633,16.382964290421583,0.24245268877210288,,,,,695.3031240250057
49,5.3608130716701046e-05,1.638721951508522,0.042918185532139615,0.44752019309401514,0.052073206579312685,0.0174133544921875,0.049224203280732036,0.19576505914628506,0.006307842326164246,1.0479680341869593,1.0994345546841622,0.049224203280732036,1.4729322503352988,15.387709535401443,0.6392636255457483,15.976305410779755,0.25160756835649756,,,,,695.670929208005
50,5.205483257436738e-05,1.643577513384819,0.04265847670803778,0.4476714282155037,0.05315067631565035,0.017474417114257814,0.04891675773337483,0.19689727502167226,0.005849309754371643,1.036263791178167,1.1075991193175316,0.04891675773337483,1.47473383258129,15.752922395180011,0.6521447932925718,16.53450140459784,0.24186245480488086,0.5157295449920323,150.025,0.9882781237722023,22.593687534332275,700.5288113959978
51,5.050000000000003e-05,1.6435301998138427,0.04229053242034279,0.44749757416844366,0.05313811905756593,0.01775253143310547,0.0491349344175309,0.19739688071608544,0.005658911657333374,1.0375433632791042,1.1058202602148055,0.0491349344175309,1.4860502861697098,16.073022579324657,0.6658497170127672,16.82611111936898,0.23876940934308644,,,,,695.395472958
52,4.894516742563268e-05,1.6414336486816405,0.04253598489328288,0.4466541257023811,0.0528793569996953,0.017894033813476564,0.0493251007206738,0.19735634328126908,0.006169444155693054,1.046046493588388,1.10865451990366,0.0493251007206738,1.4949893447859535,16.147296625992347,0.6670230729826565,16.882782179733802,0.23588496318151211,,,,,695.4977769480029
53,4.739186928329902e-05,1.6408857357025146,0.042082663222355765,0.44739128295183184,0.052669092573598024,0.017902125549316406,0.04919808236658573,0.19638727769553663,0.006161011815071106,1.0334392590537667,1.108756965392828,0.04919808236658573,1.4756564364351075,15.853382431227585,0.6561106700321724,16.591084842024177,0.24187797898876257,,,,,695.7329243050044
54,4.584163849073357e-05,1.642293800663948,0.04228953957669437,0.4474310021698475,0.052896214140951636,0.018104776000976562,0.04932349676452577,0.1963490016013384,0.006064626288414001,1.0338877201870085,1.110441590332985,0.04932349676452577,1.4795682789950535,15.99303044943974,0.6610032602630812,16.817529842771332,0.24204841397445778,,,,,696.7162806529959
55,4.429600493856697e-05,1.636173087954521,0.041977156626107175,0.4467818144738674,0.05202669067531824,0.018121749877929687,0.04935171791054308,0.19550128996372224,0.006159875750541687,1.0279072767689823,1.1027915475964547,0.04935171791054308,1.4898768920322945,16.14436677406574,0.6665946815548272,16.893182787401923,0.23950302369635681,0.5135486061158387,153.605,0.9885325421980216,22.659980926513672,701.8543261000013
56,4.275649398050859e-05,1.640133203959465,0.041866025125235316,0.44664438065886497,0.05287299848273397,0.0182105712890625,0.04922322966940701,0.1965489361077547,0.006181493926048279,1.0188813611596823,1.1048233332276345,0.04922322966940701,1.484797901120679,16.05304323393723,0.6637873336158949,16.81401300430298,0.2387410537179174,,,,,695.6804713550009
57,4.122462492800665e-05,1.6456817845582963,0.041878063951199876,0.4477401159465313,0.053440312396362426,0.01833252716064453,0.048998170601949095,0.19706736263930796,0.006294125175476074,1.01469210473001,1.115908277952671,0.048998170601949095,1.488257529406712,16.269493316781933,0.6696598072504175,17.050598489827124,0.23612814036936597,,,,,695.4907715020017
58,3.9701909550871175e-05,1.6371414514064788,0.04212390006361529,0.44649718633294105,0.05224930565729737,0.018422117614746093,0.04924826304502785,0.19609604009091855,0.006010943245887757,1.0212519594818354,1.1015376257359981,0.04924826304502785,1.4887085916667149,16.16152021802705,0.6656698024478452,16.890420239547204,0.23809623923794976,,,,,696.2421698809994
59,3.81898505853397e-05,1.6383862107515335,0.040839910472370684,0.44674448815584183,0.052641061612963676,0.01854011688232422,0.0490650882717222,0.195975911206007,0.006539716839790344,1.016997607538104,1.1058649963021279,0.0490650882717222,1.4800154217358292,15.728568044202081,0.6501381148038239,16.40212234135332,0.2453015261682971,,,,,695.348650013002
60,3.668994025105817e-05,1.639031733894348,0.04109485209370032,0.4470859126985073,0.05269589139521122,0.018609518432617187,0.049101617608219385,0.19618583352565766,0.0055415669441223146,1.009544338284433,1.1076171955943108,0.049101617608219385,1.484924284548595,15.887424584092765,0.6579507969576737,16.647954118662867,0.2430178927707261,0.5208260404027026,151.045,0.9885740793909747,22.69764507293701,700.3120420319974
61,3.520365877844013e-05,1.6380272482156752,0.04077666645287536,0.4466869040489197,0.05265888242088258,0.018843331909179688,0.0492502069119364,0.19576694779396056,0.0060373067378997804,1.0153097690366208,1.1020438969373703,0.0492502069119364,1.4887804409553265,15.744243539612869,0.65378069466558,16.522965299672094,0.24521340262787095,,,,,695.213014146997
62,3.373247294785809e-05,1.6388550814390181,0.04083761003874242,0.447413670027256,0.05254538270533085,0.018876425170898437,0.04889269483089447,0.1959336396306753,0.005599008536338806,1.0029811555445194,1.0977041689693927,0.04889269483089447,1.4911032565708817,15.827960704935007,0.6569475007468256,16.6235692747708,0.24519954403412753,,,,,695.0589408090018
63,3.227783464210847e-05,1.637602637410164,0.039907702642912046,0.4471612300992012,0.05248984204158187,0.018861373901367186,0.048983595878258346,0.19596313730180265,0.006024389576911926,1.0152371994704008,1.1010087553143502,0.048983595878258346,1.4762510914227058,15.631517040318457,0.6463517598037062,16.311932498011096,0.24770058434585046,,,,,694.7629259740061
64,3.0841179413578366e-05,1.6392633481264114,0.03987030609771609,0.44766278011202815,0.05256260757520795,0.018917628479003905,0.04909889821745455,0.1959471479743719,0.006021988916397094,1.0040367647841573,1.107738444173336,0.04909889821745455,1.4938705029158756,15.908943044728247,0.6584828290446051,16.72990006413953,0.24541533712683053,,,,,694.9930429259985
65,2.9423925067528915e-05,1.6387730391263962,0.03950619174190797,0.4473690719008446,0.052575947257131335,0.018880398559570313,0.049220973062887786,0.19660522211492062,0.005833785295486451,1.0093694815553724,1.1037281251311302,0.049220973062887786,1.496620184388654,15.995412349700928,0.6599543731788109,16.78209433062323,0.24260500677186866,0.517965934328411,150.4,0.9893926689938632,22.589130458831786,700.3393867509949
66,2.8027470262892447e-05,1.6422195596694946,0.04023235278092325,0.4473904717862606,0.05334592508226633,0.01879603271484375,0.04903777325749397,0.1964830527752638,0.005810468411445618,1.0091630991101266,1.0979145611405372,0.04903777325749397,1.4832944613078545,15.349798186071988,0.6386372303140575,15.965487981664724,0.25262996091924866,,,,,695.3149472509976
67,2.6653193131965096e-05,1.6391232527256012,0.040086329560587185,0.44716405975818635,0.052695105057954786,0.018959280395507812,0.049149394605308774,0.19637129233181477,0.005866387128829956,1.0023952545836567,1.1021711978435516,0.049149394605308774,1.4982280309857994,15.907855592924973,0.6585872204139315,16.6861394356037,0.24555134696179423,,,,,695.6231926249966
68,2.530244992035663e-05,1.6402193631649018,0.03950462294360623,0.447699922734499,0.05267203868031502,0.019065614318847655,0.049132792479917406,0.19654376175701618,0.006034609484672547,1.0105556675180793,1.1010508851647376,0.049132792479917406,1.488731953604468,15.571925294810328,0.6462647049077626,16.178581977712696,0.2506291173912328,,,,,694.951024820999
69,2.3976573648539666e-05,1.638762639069557,0.039796839488577096,0.4479147618770599,0.05234686947986483,0.019109512329101564,0.04908420513421297,0.19579945525527,0.005798243999481202,1.0043441068202257,1.1007339243769645,0.04908420513421297,1.4995606479973629,15.938041259502542,0.6578287821391533,16.63111614358836,0.24482273772872729,,,,,694.7407378869975
70,2.2676872796319543e-05,1.638674456524849,0.04042251266222447,0.4467608841180801,0.05262281353585422,0.019178750610351562,0.04900805868841708,0.19678981231153012,0.005881859588623047,0.9946544674843549,1.101996254235506,0.04900805868841708,1.4988475267229409,15.747820056717972,0.6523286962303622,16.4567718670286,0.2472609290531997,0.5171688342871873,144.435,0.9884277018879518,22.532524747848512,700.9074332050004
71,2.1404630011522596e-05,1.6387411116838455,0.03903519550333731,0.44697266929149626,0.05294388891644776,0.019164317321777345,0.04896109897196293,0.19632223132252694,0.006051038241386413,1.005844937825203,1.1049500569343567,0.04896109897196293,1.4960126589084495,15.55394011530383,0.6465046888795393,16.235974829772424,0.2504340438493367,,,,,695.3857441750006
72,2.016110084417767e-05,1.6445126422405243,0.03956837276960723,0.44868294047117235,0.053115738854557275,0.019083065795898437,0.04881247637942433,0.19690072180628776,0.005977702331542969,1.0078882862135767,1.1034276887118817,0.04881247637942433,1.4925834104932587,15.355940152858865,0.6390490483107238,15.99190173477962,0.2529894804646229,,,,,696.6299756689987
73,1.894751250743987e-05,1.639462810277939,0.03905907059079036,0.44838345368504523,0.052329978720471265,0.019142581176757812,0.04898176878094673,0.19599854961335658,0.006002294850349426,1.0058843454167248,1.0969016114830972,0.04898176878094673,1.500276640571397,15.614594763722913,0.6484690190389238,16.27231053648324,0.25040881412810295,,,,,695.4393292790046
74,1.776506266647925e-05,1.6351570049524307,0.03920155527410098,0.44812100831866264,0.05179774971082807,0.01906915740966797,0.048725253067538145,0.19493756824731825,0.005729953718185425,1.0092247922658921,1.097874114215374,0.048725253067538145,1.505992974700599,15.546891442660627,0.6458436702859813,16.157196373775086,0.25243015587329865,,,,,696.4151605459992
75,1.661491825652992e-05,1.6377565989255904,0.03924541323119774,0.44822910593748094,0.05224106023162604,0.018975877380371094,0.04869501097686589,0.19540482533276082,0.005898467373847961,1.0077302236542105,1.0956924661695957,0.04869501097686589,1.5007306697039768,15.283160809812875,0.6366847702141466,15.948902796054709,0.2559910247038151,0.5161427569130193,136.5625,0.9891003622249854,22.39836651802063,699.9316337679993
76,1.549821433126591e-05,1.6409838292837142,0.03903208064348437,0.44895888313651083,0.05251395224556327,0.019009390258789064,0.048802693035826086,0.19560058586597442,0.006086065673828125,1.0061759106241166,1.09716359385252,0.048802693035826086,1.5069943974758018,15.376686334609985,0.6417103047514784,15.969568959597883,0.2544322612470594,,,,,694.9540338509978
77,1.4416052942640147e-05,1.6430225702285766,0.03832330583864823,0.4490930139482021,0.05293287492319942,0.01906358184814453,0.048836169239133594,0.19619351296424867,0.006141968035697937,1.0266111576616763,1.096564694583416,0.048836169239133594,1.5034258406737755,15.254068826806956,0.6365840239771481,15.903109344942816,0.257760939156187,,,,,696.8175822089979
78,1.3369502053292257e-05,1.6416403248786926,0.038698592050373556,0.44910410972237585,0.052684023961797354,0.01898116455078125,0.04860097121633589,0.19587958757281304,0.005983641505241394,1.0172184138536453,1.0972594948589802,0.04860097121633589,1.5027722521074887,15.090022259745105,0.6310491990940325,15.60189626134675,0.25996150718680744,,,,,696.2767380210062
79,1.2359594482598444e-05,1.6412345893621445,0.03858465003496967,0.4492751756310463,0.05242560014054179,0.01908799133300781,0.048689788037538526,0.19586571271717548,0.006116107988357544,1.0204227927595377,1.0980437691748142,0.048689788037538526,1.5023560914500007,14.888373029643091,0.6233711160462478,15.418900646012405,0.26353581827776185,,,,,696.8401686069992
80,1.1387326887403332e-05,1.641471426129341,0.03822712258324027,0.44945305891036985,0.05243559617549181,0.019156988525390627,0.04880801050066948,0.19589712065160275,0.0060071518421173095,1.0113066678136586,1.1010300691068173,0.04880801050066948,1.5112316187085777,15.10129478882099,0.6327525349012737,15.607605087346045,0.2596395192988988,0.5016372030195982,133.5425,0.9890938578271675,22.338142976760864,701.7649996100008
81,1.0453658778440112e-05,1.6420840194940567,0.03833879733090289,0.4496453764498234,0.052486605820059776,0.019161874389648437,0.048769891655817625,0.19577517916560172,0.005978412508964539,1.0158659136027097,1.102012394487858,0.048769891655817625,1.5091271318238357,14.835794761263092,0.6214301563028631,15.268727261444617,0.26704850882805625,,,,,696.6565184300052
82,9.5595115734092e-06,1.641288063263893,0.037886575180199,0.45013091190457344,0.05220300549864769,0.019239938354492187,0.048682695030793546,0.19563872843384741,0.00570082778930664,1.0172237845242023,1.10564354287982,0.048682695030793546,1.5122934405145974,14.758586809552948,0.6203457964905377,15.217832836611517,0.26739435244737,,,,,696.8546906789998
83,8.70576768765027e-06,1.6436437704086304,0.038536962992791086,0.4499548403322697,0.05254676385819912,0.01923168182373047,0.04876083454750478,0.19557305782735349,0.00646707706451416,1.0278194044604898,1.0980107086896895,0.04876083454750478,1.5088660213454017,14.422023427897486,0.6073971267404228,14.848383829511445,0.2726139174453143,,,,,696.723051121
84,7.893269663304789e-06,1.6417931265115737,0.03831090428675525,0.45019648240208626,0.05212580376155675,0.019194110107421874,0.04869698230847716,0.1956573591053486,0.005939350819587707,1.0173614664018154,1.1032269130468368,0.04869698230847716,1.5120098077017685,14.261946505513684,0.6013202453995573,14.632645746757245,0.2769723751678549,,,,,696.8974725170046
85,7.1228193378287565e-06,1.6433655200958253,0.03806740420260467,0.45097650641798975,0.05200044174417853,0.01921899108886719,0.04865076666772366,0.19555202932953836,0.006433296370506287,1.0264486290961503,1.1029771628558636,0.04865076666772366,1.5174067184842865,14.287292061180905,0.6034714597566374,14.700817658983429,0.2760598451412957,0.5172021264615266,120.77,0.9873531170840029,22.36315586090088,702.5555929960028
86,6.395177052675798e-06,1.6445013846874237,0.03831184332901612,0.4511820714533329,0.05211673532277346,0.01921340637207031,0.0486168019041419,0.1959934614688158,0.005943748188018799,1.0255515912368893,1.1098261746168137,0.0486168019041419,1.5140717152891487,13.815923805894522,0.5828649745932941,14.202909313399216,0.28746032663460436,,,,,696.9994097410017
87,5.711060902932045e-06,1.6416536022424697,0.03808463145485148,0.4511635692358017,0.051612856440991166,0.01928798370361328,0.048516212137788534,0.19544644780158996,0.005957978773117065,1.025416365288198,1.1052949375271797,0.048516212137788534,1.5249775206220562,13.760148188163495,0.5810249018771895,14.143547641819922,0.29074893943194685,,,,,697.4373448429978
88,5.071146028642947e-06,1.6414331194400786,0.038003156959312036,0.451483872371912,0.05139635865986347,0.019278921508789064,0.04858597871139646,0.1951645363032818,0.006105411314964294,1.0273577536337077,1.1028003105819226,0.04858597871139646,1.5226965546607971,13.414989701632795,0.5651719755139845,13.774275335772284,0.2979643653179037,,,,,697.3552332109975
89,4.476063948531561e-06,1.644413223695755,0.037882753917016086,0.4519280640900135,0.05176941322982311,0.019254129028320313,0.04861703994385898,0.19581686355769634,0.005944628596305847,1.0230689141765237,1.1054663686931134,0.04861703994385898,1.5238802823527107,13.217673441459393,0.5532436095948877,13.578182146467011,0.3057683274663728,,,,,697.5958096940012
90,3.926401936765843e-06,1.6485268814563752,0.03790737513434142,0.4532286124646664,0.0519444996483624,0.01923419189453125,0.04840616613924503,0.19613102099895477,0.005998600554466248,1.021774168691039,1.1150599454164505,0.04840616613924503,1.5292263154325814,12.940530390575015,0.5368633599116884,13.309604496791446,0.31711105591264266,0.5197823231634886,104.3275,0.9869432495503503,25.00491139411926,702.9824002069945
91,3.4227024433899027e-06,1.6446569276332854,0.038322313582384956,0.45254863624572755,0.05139201418235898,0.019275015258789063,0.04864586293809116,0.19601875266134738,0.005455335807800293,1.0099959418714046,1.1254170097351075,0.04864586293809116,1.5339800735999798,12.524804312607337,0.5086089927574684,12.883860612737722,0.335681282240769,,,,,697.4327992610051
92,2.9654625589913256e-06,1.6453162385463715,0.03810192639552988,0.4532152653336525,0.0512257999997586,0.019339532470703125,0.04836395221091807,0.19613725271523,0.005432213735580445,1.0077123808920383,1.1205495196700097,0.04836395221091807,1.5421703416725685,12.359493452927161,0.4966120696787176,12.753814376633743,0.34498202954900675,,,,,697.4851219210104
93,2.5551335241327686e-06,1.6491455807685853,0.03796957798670046,0.45423664078116416,0.051484329138696196,0.019369326782226564,0.04836891328208148,0.1961488109588623,0.005760033297538757,1.000793892377615,1.1280447896540164,0.04836891328208148,1.5553823133994793,12.024334299153296,0.46871210994391604,12.427336363956845,0.3656759223547475,,,,,697.4402391210024
94,2.1921202840320086e-06,1.6508807905673981,0.038570084055745975,0.4541264832496643,0.05164471767507493,0.019414981079101563,0.04850035160966217,0.1973839522600174,0.005116342568397522,0.9881798249647021,1.1410899135112762,0.04850035160966217,1.5680953387556404,11.866019035207815,0.4534492238328375,12.262303442790591,0.37853565735035927,,,,,697.5969319529977
95,1.8767810889299092e-06,1.6479078626155854,0.038216601677192374,0.4540105682194233,0.05120386056676507,0.019482757568359373,0.048481892835348844,0.19656043912172316,0.005324307465553284,0.9909614945977926,1.1375704872131347,0.048481892835348844,1.5886574531423634,11.66481484215835,0.4328070927796693,12.061375527546323,0.3970141477625945,0.5304784883623538,89.3525,0.9813802456098615,23.35525559425354,703.1521205339959
96,1.6094271405406865e-06,1.6489491773128508,0.03756874023713171,0.45498039462566375,0.05102211249135435,0.01947650146484375,0.0484664515145123,0.19659065719246865,0.005307392573356628,0.9824872992157936,1.1441276967406273,0.0484664515145123,1.6071842230599502,11.489782325152692,0.41576233981498356,11.880878275838391,0.4119147848466347,,,,,698.4607793230098
97,1.3903222849333511e-06,1.654659556722641,0.03854576112804935,0.45486981574296953,0.05197547851987183,0.019465347290039063,0.04838412402309478,0.19810916309952736,0.005078710222244263,0.9773428954184056,1.1515232164263725,0.04838412402309478,1.6313165981194069,11.358823225415986,0.4013382550971261,11.755755317622217,0.42715221129614733,,,,,1112.3750933629926
98,1.2196827521475405e-06,1.6527486649513246,0.03785203782059252,0.4553221726953983,0.05150713643468916,0.019479833984375,0.048430737388134006,0.1977919891476631,0.004860090804100037,0.9753920670092106,1.1502067784547805,0.048430737388134006,1.6475570016893848,11.243933636566688,0.38960433070515765,11.636249180497794,0.4376838253489856,,,,,782.6629885959992
99,1.097676942800558e-06,1.6550165082454682,0.03823542699711397,0.45540117138028147,0.051644226023927334,0.019483526611328125,0.04861791862435639,0.19840500801205635,0.005194795656204223,0.9792086352109909,1.1537085691690445,0.04861791862435639,1.663765584600383,11.17299718692385,0.3816176458936313,11.559471451002976,0.44577762201942245,,,,,694.7951609260053
100,1.0244252618962857e-06,1.6581743840694427,0.03856000504344702,0.455594078540802,0.052175965544208884,0.019456692504882814,0.04859109116308391,0.19901405080258847,0.0048634870052337645,0.9712030990570784,1.1621865816950798,0.04859109116308391,1.67503756490247,11.126201284342798,0.3762035096256897,11.510539597478406,0.4521286587776809,0.5526886613472648,84.0175,0.9801757715119147,24.206801538467406,699.4208398089977
